Наименование^Кран маевского Ledeme  L1-1/2,Категория^komplektuyushhie-dlya-radiatorov,Артикул^L1-1/2,Размеры (см.)^–x–x– см.,Цвет^Белый,Гарантийный срок^1 год,images_path^./images/komplektuyushhie-dlya-radiatorov//L1-1/2/kran-maevskogo-ledeme-l1-121.jpg
Наименование^Кран маевского Ledeme  L1-3/4,Категория^komplektuyushhie-dlya-radiatorov,Артикул^L1-3/4,Размеры (см.)^–x–x– см.,Цвет^Белый,Гарантийный срок^1 год,images_path^./images/komplektuyushhie-dlya-radiatorov//L1-3/4/kran-maevskogo-ledeme-l1-341.jpg
Наименование^Кронштейн Ledeme  LR01-1,Категория^komplektuyushhie-dlya-radiatorov,Артикул^LR01-1,Размеры (см.)^–x–x– см.,Цвет^Белый,Гарантийный срок^1 год,images_path^./images/komplektuyushhie-dlya-radiatorov//LR01-1/kronshtejn-ledeme-lr01-11.jpg
Наименование^Кронштейн Ledeme  LR01,Категория^komplektuyushhie-dlya-radiatorov,Артикул^LR01,Размеры (см.)^–x–x– см.,Цвет^Белый,Гарантийный срок^1 год,images_path^./images/komplektuyushhie-dlya-radiatorov//LR01/kronshtejn-ledeme-lr011.jpg
Наименование^Набор для радиатора Ledeme  L7-1/2,Категория^komplektuyushhie-dlya-radiatorov,Артикул^L7-1/2,Размеры (см.)^–x–x– см.,Цвет^Белый,Гарантийный срок^1 год,images_path^./images/komplektuyushhie-dlya-radiatorov//L7-1/2/nabor-dlya-radiatora-ledeme-l7-121.jpg
Наименование^Набор для радиатора Ledeme  L7-3/4,Категория^komplektuyushhie-dlya-radiatorov,Артикул^L7-3/4,Размеры (см.)^–x–x– см.,Цвет^Белый,Гарантийный срок^1 год,images_path^./images/komplektuyushhie-dlya-radiatorov//L7-3/4/nabor-dlya-radiatora-ledeme-l7-341.jpg
Наименование^Набор для радиатора Ledeme  L11-1/2,Категория^komplektuyushhie-dlya-radiatorov,Артикул^L11-1/2,Размеры (см.)^–x–x– см.,Цвет^Белый,Гарантийный срок^1 год,images_path^./images/komplektuyushhie-dlya-radiatorov//L11-1/2/nabor-dlya-radiatora-ledeme-l11-121.jpg
Наименование^Набор для радиатора Ledeme  L11-3/4,Категория^komplektuyushhie-dlya-radiatorov,Артикул^L11-3/4,Размеры (см.)^–x–x– см.,Цвет^Белый,Гарантийный срок^1 год,images_path^./images/komplektuyushhie-dlya-radiatorov//L11-3/4/nabor-dlya-radiatora-ledeme-l11-341.jpg
Наименование^Полотенцесушитель электрический Ledeme  L124,Категория^polotencesushiteli,Артикул^L124,Размеры (см.)^71x51 см,Материал^Металл,Цвет^Хром,Гарантийный срок^1 год,images_path^./images/polotencesushiteli//L124/polotencesushitel-elektricheskij-ledeme-l1241.jpg
Наименование^Крепеж Ledeme  L128,Категория^komplektuyushhie-dlya-polotencesushitelej,Артикул^L128,Размеры (см.)^–x–x– см.,Материал^Металл,Цвет^Хром,Гарантийный срок^1 год,images_path^./images/komplektuyushhie-dlya-polotencesushitelej//L128/krepezh-ledeme-l1281.jpg
Наименование^Крепеж Ledeme  L126-3/4,Категория^komplektuyushhie-dlya-polotencesushitelej,Артикул^L126-3/4,Размеры (см.)^–x–x– см.,Материал^Металл,Цвет^Хром,Гарантийный срок^1 год,images_path^./images/komplektuyushhie-dlya-polotencesushitelej//L126-3/4/krepezh-ledeme-l126-341.jpg
Наименование^Крепеж Ledeme  L126-1,Категория^komplektuyushhie-dlya-polotencesushitelej,Артикул^L126-1,Размеры (см.)^–x–x– см.,Материал^Металл,Цвет^Хром,Гарантийный срок^1 год,images_path^./images/komplektuyushhie-dlya-polotencesushitelej//L126-1/krepezh-ledeme-l126-11.jpg
Наименование^Крепеж Ledeme  L127-3/4,Категория^komplektuyushhie-dlya-polotencesushitelej,Артикул^L127-3/4,Размеры (см.)^–x–x– см.,Материал^Металл,Цвет^Хром,Гарантийный срок^1 год,images_path^./images/komplektuyushhie-dlya-polotencesushitelej//L127-3/4/krepezh-ledeme-l127-341.jpg
Наименование^Крепеж Ledeme  L127-1,Категория^komplektuyushhie-dlya-polotencesushitelej,Артикул^L127-1,Размеры (см.)^–x–x– см.,Материал^Металл,Цвет^Хром,Гарантийный срок^1 год,images_path^./images/komplektuyushhie-dlya-polotencesushitelej//L127-1/krepezh-ledeme-l127-11.jpg
Наименование^Прокладка с сеточкой 3/4 Ledeme  L75,Категория^komplektuyushhie-dlya-smesitelej,Артикул^L75,Размеры (см.)^–x–x– см.,Цвет^Черный,Гарантийный срок^1 год,images_path^./images/komplektuyushhie-dlya-smesitelej//L75/prokladka-s-setochkoj-34-ledeme-l751.jpg
Наименование^Прокладка с сеточкой 1/2 Ledeme  L76,Категория^komplektuyushhie-dlya-smesitelej,Артикул^L76,Размеры (см.)^–x–x– см.,Цвет^Черный,Гарантийный срок^1 год,images_path^./images/komplektuyushhie-dlya-smesitelej//L76/prokladka-s-setochkoj-12-ledeme-l761.jpg
Наименование^Уплотнитель для мойки Ledeme  LS06,Категория^komplektuyushhie-dlya-smesitelej,Артикул^LS06,Размеры (см.)^–x–x– см.,Гарантийный срок^1 год,images_path^./images/komplektuyushhie-dlya-smesitelej//LS06/instrument-ledeme-ls06001.jpg
Наименование^Уплотнитель для мойки Ledeme  LS06,Категория^komplektuyushhie-dlya-smesitelej,Артикул^LS06,Размеры (см.)^–x–x– см.,Гарантийный срок^1 год,images_path^./images/komplektuyushhie-dlya-smesitelej//LS06/uplotnitel-dlya-mojki-ledeme-ls06(1).jpg
Наименование^Крепление к стенду Ledeme  L35,Категория^komplektuyushhie-dlya-smesitelej,Артикул^L35,Размеры (см.)^–x–x– см.,Материал^Пластик,Цвет^Белый,Гарантийный срок^1 год,images_path^./images/komplektuyushhie-dlya-smesitelej//L35/kreplenie-k-stendu-ledeme-l351.jpg
Наименование^Аэратор Ledeme  L78,Категория^komplektuyushhie-dlya-smesitelej,Артикул^L78,Размеры (см.)^22 мм,Материал^Пластик,Цвет^Хром,Гарантийный срок^1 год,images_path^./images/komplektuyushhie-dlya-smesitelej//L78/aerator-ledeme-l781.jpg
Наименование^Аэратор Ledeme  L74,Категория^komplektuyushhie-dlya-smesitelej,Артикул^L74,Размеры (см.)^24 мм,Материал^Пластик,Цвет^Хром,Гарантийный срок^1 год,images_path^./images/komplektuyushhie-dlya-smesitelej//L74/aerator-ledeme-l741.jpg
Наименование^Аэратор Ledeme  L74-1,Категория^komplektuyushhie-dlya-smesitelej,Артикул^L74-1,Размеры (см.)^24 мм,Материал^Пластик,Цвет^Хром,Гарантийный срок^1 год,images_path^./images/komplektuyushhie-dlya-smesitelej//L74-1/aerator-ledeme-l74-11.jpg
Наименование^Аэратор Ledeme  L73,Категория^komplektuyushhie-dlya-smesitelej,Артикул^L73,Размеры (см.)^28 мм,Материал^Пластик,Цвет^Хром,Гарантийный срок^1 год,images_path^./images/komplektuyushhie-dlya-smesitelej//L73/aerator-ledeme-l731.jpg
Наименование^Крышка на гайку Ledeme  LH202-1,Категория^komplektuyushhie-dlya-smesitelej,Артикул^LH202-1,Размеры (см.)^40 мм,Материал^Металл,Цвет^Хром,Гарантийный срок^1 год,images_path^./images/komplektuyushhie-dlya-smesitelej//LH202-1/kryshka-na-gajku-ledeme-lh202-11.jpg
Наименование^Крышка на гайку Ledeme  LH201-1,Категория^komplektuyushhie-dlya-smesitelej,Артикул^LH201-1,Размеры (см.)^35 мм,Материал^Металл,Цвет^Хром,Гарантийный срок^1 год,images_path^./images/komplektuyushhie-dlya-smesitelej//LH201-1/kryshka-na-gajku-ledeme-lh201-11.jpg
Наименование^Переходник Ledeme  LH503,Категория^komplektuyushhie-dlya-smesitelej,Артикул^LH503,Размеры (см.)^–x–x– см.,Материал^Латунь,Цвет^Хром,Гарантийный срок^1 год,images_path^./images/komplektuyushhie-dlya-smesitelej//LH503/perekhodnik-ledeme-lh503001.jpg
Наименование^Переходник Ledeme  LH504,Категория^komplektuyushhie-dlya-smesitelej,Артикул^LH504,Размеры (см.)^–x–x– см.,Материал^Латунь,Цвет^Хром,Гарантийный срок^1 год,images_path^./images/komplektuyushhie-dlya-smesitelej//LH504/perekhodnik-ledeme-lh504001.jpg
Наименование^Гайка Ledeme  LH201,Категория^komplektuyushhie-dlya-smesitelej,Артикул^LH201,Размеры (см.)^35 мм,Материал^Латунь,Цвет^Латунь,Гарантийный срок^1 год,images_path^./images/komplektuyushhie-dlya-smesitelej//LH201/gajka-ledeme-lh2011.jpg
Наименование^Гибкая подводка Г-Г Ledeme  L93-3,Категория^komplektuyushhie-dlya-smesitelej,Артикул^L93-3,Размеры (см.)^F1/2-F1/2 30 см,Материал^Сталь/Каучук,Гарантийный срок^1 год,images_path^./images/komplektuyushhie-dlya-smesitelej//L93-3/gibkaya-podvodka-ledeme-l93-31.jpg
Наименование^Гайка Ledeme  LH202,Категория^komplektuyushhie-dlya-smesitelej,Артикул^LH202,Размеры (см.)^40 мм,Материал^Латунь,Цвет^Латунь,Гарантийный срок^1 год,images_path^./images/komplektuyushhie-dlya-smesitelej//LH202/gajka-ledeme-lh2021.jpg
Наименование^Винт Ledeme  L71-1,Категория^komplektuyushhie-dlya-smesitelej,Артикул^L71-1,Размеры (см.)^–x–x– см.,Материал^Латунь,Цвет^Латунь,Гарантийный срок^1 год,images_path^./images/komplektuyushhie-dlya-smesitelej//L71-1/vint-ledeme-l71-11.jpg
Наименование^Комплект с 1-ой шпилькой Ledeme  LH101,Категория^komplektuyushhie-dlya-smesitelej,Артикул^LH101,Размеры (см.)^–x–x– см.,Материал^Металл,Цвет^Хром/Черный,Гарантийный срок^1 год,images_path^./images/komplektuyushhie-dlya-smesitelej//LH101/komplekt-s-1-oj-shpilkoj-ledeme-lh1011.jpg
Наименование^Кран-букса Ledeme  L52-9,Категория^komplektuyushhie-dlya-smesitelej,Артикул^L52-9,Размеры (см.)^1/2 20 шлиц на 90°,Материал^Латунь,Цвет^Латунь,Гарантийный срок^1 год,images_path^./images/komplektuyushhie-dlya-smesitelej//L52-9/kran-buksa-ledeme-l52-91.jpg
Наименование^Гибкая подводка Г-Ш Ledeme  L92-3,Категория^komplektuyushhie-dlya-smesitelej,Артикул^L92-3,Размеры (см.)^F1/2-M1/2 30 см,Материал^Сталь/Каучук,Гарантийный срок^1 год,images_path^./images/komplektuyushhie-dlya-smesitelej//L92-3/gibkaya-podvodka-ledeme-l92-31.jpg
Наименование^Комплект с 2-мя шпильками Ledeme  LH102,Категория^komplektuyushhie-dlya-smesitelej,Артикул^LH102,Размеры (см.)^–x–x– см.,Материал^Металл,Цвет^Хром/Черный,Гарантийный срок^1 год,images_path^./images/komplektuyushhie-dlya-smesitelej//LH102/komplekt-s-2-mya-shpilkami-ledeme-lh1021.jpg
Наименование^Гибкая подводка Г-Г Ledeme  L93-4,Категория^komplektuyushhie-dlya-smesitelej,Артикул^L93-4,Размеры (см.)^F1/2-F1/2 40 см,Материал^Сталь/Каучук,Гарантийный срок^1 год,images_path^./images/komplektuyushhie-dlya-smesitelej//L93-4/gibkaya-podvodka-ledeme-l93-41.jpg
Наименование^Крепежи  для мойки Ledeme  LS06-1,Категория^komplektuyushhie-dlya-smesitelej,Артикул^LS06-1,Размеры (см.)^–x–x– см.,Материал^Пластик,Цвет^Черный,Гарантийный срок^1 год,images_path^./images/komplektuyushhie-dlya-smesitelej//LS06-1/krepezhi-ledeme-ls06-11.jpg
Наименование^Гибкая подводка Г-Ш Ledeme  L92-4,Категория^komplektuyushhie-dlya-smesitelej,Артикул^L92-4,Размеры (см.)^F1/2-M1/2 40 см,Материал^Сталь/Каучук,Гарантийный срок^1 год,images_path^./images/komplektuyushhie-dlya-smesitelej//L92-4/gibkaya-podvodka-ledeme-l92-41.jpg
Наименование^Кран-букса Ledeme  L52-3,Категория^komplektuyushhie-dlya-smesitelej,Артикул^L52-3,Размеры (см.)^1/2 20 шлиц на 90°,Материал^Латунь,Цвет^Латунь,Гарантийный срок^1 год,images_path^./images/komplektuyushhie-dlya-smesitelej//L52-3/kran-buksa-ledeme-l52-31.jpg
Наименование^Гибкая подводка Г-Г Ledeme  L93-5,Категория^komplektuyushhie-dlya-smesitelej,Артикул^L93-5,Размеры (см.)^F1/2-F1/2 50 см,Материал^Сталь/Каучук,Гарантийный срок^1 год,images_path^./images/komplektuyushhie-dlya-smesitelej//L93-5/gibkaya-podvodka-ledeme-l93-51.jpg
Наименование^Переходник Ledeme  LH502,Категория^komplektuyushhie-dlya-smesitelej,Артикул^LH502,Размеры (см.)^1/2M 3/4F,Материал^Латунь,Цвет^Хром,Гарантийный срок^1 год,images_path^./images/komplektuyushhie-dlya-smesitelej//LH502/perekhodnik-ledeme-lh502001.jpg
Наименование^Кран-букса Ledeme  L52-2,Категория^komplektuyushhie-dlya-smesitelej,Артикул^L52-2,Размеры (см.)^1/2 15 шлиц на 90°,Материал^Латунь,Цвет^Латунь,Гарантийный срок^1 год,images_path^./images/komplektuyushhie-dlya-smesitelej//L52-2/kran-buksa-ledeme-l52-21.jpg
Наименование^Кран-букса Ledeme  L52-4,Категория^komplektuyushhie-dlya-smesitelej,Артикул^L52-4,Размеры (см.)^1/2 20 шлиц на 90°,Материал^Латунь,Цвет^Латунь,Гарантийный срок^1 год,images_path^./images/komplektuyushhie-dlya-smesitelej//L52-4/kran-buksa-ledeme-l52-41.jpg
Наименование^Кран-букса Ledeme  L52-7,Категория^komplektuyushhie-dlya-smesitelej,Артикул^L52-7,Размеры (см.)^–x–x– см.,Материал^Латунь,Цвет^Латунь,Гарантийный срок^1 год,images_path^./images/komplektuyushhie-dlya-smesitelej//L52-7/kran-buksa-ledeme-l52-71.jpg
Наименование^Гайка Ledeme  L71-2,Категория^komplektuyushhie-dlya-smesitelej,Артикул^L71-2,Размеры (см.)^–x–x– см.,Материал^Металл,Цвет^Хром,Гарантийный срок^1 год,images_path^./images/komplektuyushhie-dlya-smesitelej//L71-2/gajka-ledeme-l71-21.jpg
Наименование^Картридж Ledeme  L51,Категория^komplektuyushhie-dlya-smesitelej,Артикул^L51,Размеры (см.)^35 мм,Материал^Керамика,Цвет^Белый/Синий,Гарантийный срок^1 год,images_path^./images/komplektuyushhie-dlya-smesitelej//L51/kartridzh-ledeme-l511.jpg
Наименование^Картридж Ledeme  L53,Категория^komplektuyushhie-dlya-smesitelej,Артикул^L53,Размеры (см.)^22 мм 20 шлиц на 180°,Материал^Латунь,Цвет^Латунь/Синий,Гарантийный срок^1 год,images_path^./images/komplektuyushhie-dlya-smesitelej//L53/kartridzh-ledeme-l531.jpg
Наименование^Кран-букса Ledeme  L52-12,Категория^komplektuyushhie-dlya-smesitelej,Артикул^L52-12,Размеры (см.)^–x–x– см.,Материал^Латунь,Гарантийный срок^1 год,images_path^./images/komplektuyushhie-dlya-smesitelej//L52-12/kran-buksa-ledeme-l52-12001.jpg
Наименование^Картридж Ledeme  L50,Категория^komplektuyushhie-dlya-smesitelej,Артикул^L50,Размеры (см.)^40 мм,Материал^Керамика,Цвет^Белый/Синий,Гарантийный срок^1 год,images_path^./images/komplektuyushhie-dlya-smesitelej//L50/kartridzh-ledeme-l501.jpg
Наименование^Кран-букса Ledeme  L52-5,Категория^komplektuyushhie-dlya-smesitelej,Артикул^L52-5,Размеры (см.)^–x–x– см.,Материал^Латунь,Цвет^Латунь,Гарантийный срок^1 год,images_path^./images/komplektuyushhie-dlya-smesitelej//L52-5/kran-buksa-ledeme-l52-51.jpg
Наименование^Кран-букса Ledeme  L52-10,Категория^komplektuyushhie-dlya-smesitelej,Артикул^L52-10,Размеры (см.)^–x–x– см.,Материал^Латунь,Цвет^Латунь,Гарантийный срок^1 год,images_path^./images/komplektuyushhie-dlya-smesitelej//L52-10/kran-buksa-ledeme-l52-101.jpg
Наименование^Гибкая подводка Г-Ш Ledeme  L92-5,Категория^komplektuyushhie-dlya-smesitelej,Артикул^L92-5,Размеры (см.)^F1/2-M1/2 50 см,Материал^Сталь/Каучук,Гарантийный срок^1 год,images_path^./images/komplektuyushhie-dlya-smesitelej//L92-5/gibkaya-podvodka-ledeme-l92-51.jpg
Наименование^Гибкая подводка Г-Г Ledeme  L93-6,Категория^komplektuyushhie-dlya-smesitelej,Артикул^L93-6,Размеры (см.)^F1/2-F1/2 60 см,Материал^Сталь/Каучук,Гарантийный срок^1 год,images_path^./images/komplektuyushhie-dlya-smesitelej//L93-6/gibkaya-podvodka-ledeme-l93-61.jpg
Наименование^Кран-букса Ledeme  L52-8,Категория^komplektuyushhie-dlya-smesitelej,Артикул^L52-8,Размеры (см.)^1/2 20 шлиц на 90°,Материал^Латунь,Цвет^Латунь,Гарантийный срок^1 год,images_path^./images/komplektuyushhie-dlya-smesitelej//L52-8/kran-buksa-ledeme-l52-81.jpg
Наименование^Кран-букса Ledeme  L52-11,Категория^komplektuyushhie-dlya-smesitelej,Артикул^L52-11,Размеры (см.)^20 шлиц,Гарантийный срок^1 год,images_path^./images/komplektuyushhie-dlya-smesitelej//L52-11/kran-buksa-ledeme-l52-111.jpg
Наименование^Гибкая подводка Г-Ш Ledeme  L92-6,Категория^komplektuyushhie-dlya-smesitelej,Артикул^L92-6,Размеры (см.)^F1/2-M1/2 60 см,Материал^Сталь/Каучук,Гарантийный срок^1 год,images_path^./images/komplektuyushhie-dlya-smesitelej//L92-6/gibkaya-podvodka-ledeme-l92-61.jpg
Наименование^Гибкая подводка Г-Г Ledeme  L93-8,Категория^komplektuyushhie-dlya-smesitelej,Артикул^L93-8,Размеры (см.)^F1/2-F1/2 80 см,Материал^Сталь/Каучук,Гарантийный срок^1 год,images_path^./images/komplektuyushhie-dlya-smesitelej//L93-8/gibkaya-podvodka-ledeme-l93-81.jpg
Наименование^Картридж Ledeme  L50-1,Категория^komplektuyushhie-dlya-smesitelej,Артикул^L50-1,Размеры (см.)^35 мм,Материал^Керамика,Цвет^Белый,Гарантийный срок^1 год,images_path^./images/komplektuyushhie-dlya-smesitelej//L50-1/kartridzh-ledeme-l50-11.jpg
Наименование^Гибкая подводка Г-Ш Ledeme  L92-8,Категория^komplektuyushhie-dlya-smesitelej,Артикул^L92-8,Размеры (см.)^F1/2-M1/2 80 см,Материал^Сталь/Каучук,Гарантийный срок^1 год,images_path^./images/komplektuyushhie-dlya-smesitelej//L92-8/gibkaya-podvodka-ledeme-l92-81.jpg
Наименование^Гайка Ledeme  LH301,Категория^komplektuyushhie-dlya-smesitelej,Артикул^LH301,Размеры (см.)^–x–x– см.,Материал^Латунь,Цвет^Латунь,Гарантийный срок^1 год,images_path^./images/komplektuyushhie-dlya-smesitelej//LH301/gajka-ledeme-lh3011.jpg
Наименование^Гибкая подводка Г-Г Ledeme  L93-10,Категория^komplektuyushhie-dlya-smesitelej,Артикул^L93-10,Размеры (см.)^F1/2-F1/2 100 см,Материал^Сталь/Каучук,Гарантийный срок^1 год,images_path^./images/komplektuyushhie-dlya-smesitelej//L93-10/gibkaya-podvodka-ledeme-l93-101.jpg
Наименование^Гибкая подводка Г-Ш Ledeme  L92-10,Категория^komplektuyushhie-dlya-smesitelej,Артикул^L92-10,Размеры (см.)^F1/2-M1/2 100 см,Материал^Сталь/Каучук,Гарантийный срок^1 год,images_path^./images/komplektuyushhie-dlya-smesitelej//L92-10/gibkaya-podvodka-ledeme-l92-101.jpg
Наименование^Картридж Ledeme  L51-2,Категория^komplektuyushhie-dlya-smesitelej,Артикул^L51-2,Размеры (см.)^35 мм,Материал^Керамика,Цвет^Белый/Синий,Гарантийный срок^1 год,images_path^./images/komplektuyushhie-dlya-smesitelej//L51-2/kartridzh-ledeme-l51-21.jpg
Наименование^Картридж Ledeme  L50-2,Категория^komplektuyushhie-dlya-smesitelej,Артикул^L50-2,Размеры (см.)^40 мм,Материал^Керамика,Цвет^Белый/Синий,Гарантийный срок^1 год,images_path^./images/komplektuyushhie-dlya-smesitelej//L50-2/kartridzh-ledeme-l50-21.jpg
Наименование^Гибкая подводка Г-Г Ledeme  L93-12,Категория^komplektuyushhie-dlya-smesitelej,Артикул^L93-12,Размеры (см.)^F1/2-F1/2 120 см,Материал^Сталь/Каучук,Гарантийный срок^1 год,images_path^./images/komplektuyushhie-dlya-smesitelej//L93-12/gibkaya-podvodka-ledeme-l93-121.jpg
Наименование^Гибкая подводка Ledeme  L90-4,Категория^komplektuyushhie-dlya-smesitelej,Артикул^L90-4,Размеры (см.)^F1/2-M10-1 40 см,Материал^Сталь/Каучук,Гарантийный срок^1 год,images_path^./images/komplektuyushhie-dlya-smesitelej//L90-4/gibkaya-podvodka-ledeme-l90-41.jpg
Наименование^Аэратор Ledeme  L78-2,Категория^komplektuyushhie-dlya-smesitelej,Артикул^L78-2,Размеры (см.)^–x–x– см.,Материал^латунь,Цвет^Хром,Гарантийный срок^1 год,"images_path^./images/komplektuyushhie-dlya-smesitelej//L78-2/aerator-ledeme-l78-2001.jpg,./images/komplektuyushhie-dlya-smesitelej//L78-2/aerator-ledeme-l78-2002.jpg"
Наименование^Эксцентрики Ledeme  L70-1,Категория^komplektuyushhie-dlya-smesitelej,Артикул^L70-1,Размеры (см.)^–x–x– см.,Материал^Латунь,Цвет^Латунь,Гарантийный срок^1 год,images_path^./images/komplektuyushhie-dlya-smesitelej//L70-1/ekscentriki-ledeme-l70-11.jpg
Наименование^Гибкая подводка Г-Г Ledeme  L93-15,Категория^komplektuyushhie-dlya-smesitelej,Артикул^L93-15,Размеры (см.)^F1/2-F1/2 150 см,Материал^Сталь/Каучук,Гарантийный срок^1 год,images_path^./images/komplektuyushhie-dlya-smesitelej//L93-15/gibkaya-podvodka-ledeme-l93-151.jpg
Наименование^Круглый излив Ledeme  L7315,Категория^komplektuyushhie-dlya-smesitelej,Артикул^L7315,Размеры (см.)^31.5 см,Материал^Металл,Цвет^Хром,Гарантийный срок^1 год,images_path^./images/komplektuyushhie-dlya-smesitelej//L7315/kruglyj-izliv-ledeme-l73151.jpg
Наименование^Картридж Ledeme  L51-5,Категория^komplektuyushhie-dlya-smesitelej,Артикул^L51-5,Размеры (см.)^35 мм,Материал^Керамика,Гарантийный срок^1 год,images_path^./images/komplektuyushhie-dlya-smesitelej//L51-5/kartridzh-dlya-smesitelya-ledeme-l51-5001.jpg
Наименование^Картридж Ledeme  L50-5,Категория^komplektuyushhie-dlya-smesitelej,Артикул^L50-5,Размеры (см.)^40 мм,Материал^Керамика/ Пластик,Гарантийный срок^1 год,images_path^./images/komplektuyushhie-dlya-smesitelej//L50-5/kartridzh-dlya-smesitelya-ledeme-l50-5001.jpg
Наименование^Гибкая подводка Ledeme  L90-5,Категория^komplektuyushhie-dlya-smesitelej,Артикул^L90-5,Размеры (см.)^F1/2-M10-1 50 см,Материал^Сталь/Каучук,Гарантийный срок^1 год,images_path^./images/komplektuyushhie-dlya-smesitelej//L90-5/gibkaya-podvodka-ledeme-l90-51.jpg
Наименование^Аэратор Ledeme  L74-2,Категория^komplektuyushhie-dlya-smesitelej,Артикул^L74-2,Размеры (см.)^–x–x– см.,Материал^латунь,Цвет^Хром,Гарантийный срок^1 год,"images_path^./images/komplektuyushhie-dlya-smesitelej//L74-2/aerator-ledeme-l74-2001.jpg,./images/komplektuyushhie-dlya-smesitelej//L74-2/aerator-ledeme-l74-2002.jpg"
Наименование^Кран-букса Ledeme  L52-6,Категория^komplektuyushhie-dlya-smesitelej,Артикул^L52-6,Размеры (см.)^1/2 20 шлиц на 180°,Материал^Латунь,Цвет^Латунь,Гарантийный срок^1 год,images_path^./images/komplektuyushhie-dlya-smesitelej//L52-6/kran-buksa-ledeme-l52-61.jpg
Наименование^Гибкая подводка Г-Ш Ledeme  L92-15,Категория^komplektuyushhie-dlya-smesitelej,Артикул^L92-15,Размеры (см.)^F1/2-M1/2 110 см,Материал^Сталь/Каучук,Гарантийный срок^1 год,images_path^./images/komplektuyushhie-dlya-smesitelej//L92-15/gibkaya-podvodka-ledeme-l92-151.jpg
Наименование^Аэратор Ledeme  L79,Категория^komplektuyushhie-dlya-smesitelej,Артикул^L79,Размеры (см.)^–x–x– см.,Материал^латунь,Цвет^Хром,Гарантийный срок^1 год,"images_path^./images/komplektuyushhie-dlya-smesitelej//L79/aerator-ledeme-l790011.jpg,./images/komplektuyushhie-dlya-smesitelej//L79/aerator-ledeme-l790021.jpg"
Наименование^Картридж эко Ledeme  L51-3,Категория^komplektuyushhie-dlya-smesitelej,Артикул^L51-3,Размеры (см.)^35 мм,Материал^Керамика,Цвет^Белый/Синий,Гарантийный срок^1 год,images_path^./images/komplektuyushhie-dlya-smesitelej//L51-3/kartridzh-ledeme-l51-31.jpg
Наименование^Круглый излив Ledeme  L7130S,Категория^komplektuyushhie-dlya-smesitelej,Артикул^L7130S,Размеры (см.)^30 см,Материал^Металл,Цвет^Хром,Гарантийный срок^1 год,images_path^./images/komplektuyushhie-dlya-smesitelej//L7130S/kruglyj-izliv-ledeme-l7130s1.jpg
Наименование^Картридж эко Ledeme  L50-3,Категория^komplektuyushhie-dlya-smesitelej,Артикул^L50-3,Размеры (см.)^40 мм,Материал^Керамика,Цвет^Белый/Синий,Гарантийный срок^1 год,images_path^./images/komplektuyushhie-dlya-smesitelej//L50-3/kartridzh-ledeme-l50-31.jpg
Наименование^Ручка Ledeme  LH13,Категория^komplektuyushhie-dlya-smesitelej,Артикул^LH13,Размеры (см.)^–x–x– см.,Гарантийный срок^1 год,images_path^./images/komplektuyushhie-dlya-smesitelej//LH13/ruchka-ledeme-lh131.jpg
Наименование^Гибкая подводка Ledeme  L90-6,Категория^komplektuyushhie-dlya-smesitelej,Артикул^L90-6,Размеры (см.)^F1/2-M10-1 60 см,Материал^Сталь/Каучук,Гарантийный срок^1 год,images_path^./images/komplektuyushhie-dlya-smesitelej//L90-6/gibkaya-podvodka-ledeme-l90-61.jpg
Наименование^Гибкая подводка Г-Ш Ledeme  L92-20,Категория^komplektuyushhie-dlya-smesitelej,Артикул^L92-20,Размеры (см.)^F1/2-M1/2 120 см,Материал^Сталь/Каучук,Гарантийный срок^1 год,images_path^./images/komplektuyushhie-dlya-smesitelej//L92-20/gibkaya-podvodka-ledeme-l92-201.jpg
Наименование^Круглый излив Ledeme  L7135S,Категория^komplektuyushhie-dlya-smesitelej,Артикул^L7135S,Размеры (см.)^35 см,Материал^Металл,Цвет^Хром,Гарантийный срок^1 год,images_path^./images/komplektuyushhie-dlya-smesitelej//L7135S/kruglyj-izliv-ledeme-l7135s1.jpg
Наименование^Ручка с кран-букса Ledeme  LH09,Категория^komplektuyushhie-dlya-smesitelej,Артикул^LH09,Размеры (см.)^–x–x– см.,Гарантийный срок^1 год,images_path^./images/komplektuyushhie-dlya-smesitelej//LH09/ruchka-ledeme-lh091.jpg
Наименование^Гибкая подводка Г-Г Ledeme  L93-18,Категория^komplektuyushhie-dlya-smesitelej,Артикул^L93-18,Размеры (см.)^F1/2-F1/2 180 см,Материал^Сталь/Каучук,Гарантийный срок^1 год,images_path^./images/komplektuyushhie-dlya-smesitelej//L93-18/gibkaya-podvodka-ledeme-l93-181.jpg
Наименование^Ручка Ledeme  LH04,Категория^komplektuyushhie-dlya-smesitelej,Артикул^LH04,Размеры (см.)^–x–x– см.,Гарантийный срок^1 год,images_path^./images/komplektuyushhie-dlya-smesitelej//LH04/ruchka-ledeme-lh041.jpg
Наименование^Ручка с кран-букса Ledeme  LH27,Категория^komplektuyushhie-dlya-smesitelej,Артикул^LH27,Размеры (см.)^–x–x– см.,Гарантийный срок^1 год,images_path^./images/komplektuyushhie-dlya-smesitelej//LH27/ruchka-ledeme-lh271.jpg
Наименование^Гибкая подводка Ledeme  L90-8,Категория^komplektuyushhie-dlya-smesitelej,Артикул^L90-8,Размеры (см.)^F1/2-M10-1 80 см,Материал^Сталь/Каучук,Гарантийный срок^1 год,images_path^./images/komplektuyushhie-dlya-smesitelej//L90-8/gibkaya-podvodka-ledeme-l90-81.jpg
Наименование^Гибкая подводка Г-Г Ledeme  L93-20,Категория^komplektuyushhie-dlya-smesitelej,Артикул^L93-20,Размеры (см.)^F1/2-F1/2 200 см,Материал^Сталь/Каучук,Гарантийный срок^1 год,images_path^./images/komplektuyushhie-dlya-smesitelej//L93-20/gibkaya-podvodka-ledeme-l93-201.jpg
Наименование^Гибкая подводка Ledeme  L90-10,Категория^komplektuyushhie-dlya-smesitelej,Артикул^L90-10,Размеры (см.)^F1/2-M10-1 100 см,Материал^Сталь/Каучук,Гарантийный срок^1 год,images_path^./images/komplektuyushhie-dlya-smesitelej//L90-10/gibkaya-podvodka-ledeme-l90-101.jpg
Наименование^Удлинитель подводки для смесителя Ledeme  LH401,Категория^komplektuyushhie-dlya-smesitelej,Артикул^LH401,Размеры (см.)^–x–x– см.,Гарантийный срок^1 год,images_path^./images/komplektuyushhie-dlya-smesitelej//LH401/udlinitel-podvodki-dlya-smesitelya-ledeme-lh4011.jpg
Наименование^Гибкая подводка Ledeme  L90-12,Категория^komplektuyushhie-dlya-smesitelej,Артикул^L90-12,Размеры (см.)^F1/2-M10-1 120 см,Материал^Сталь/Каучук,Гарантийный срок^1 год,images_path^./images/komplektuyushhie-dlya-smesitelej//L90-12/gibkaya-podvodka-ledeme-l90-121.jpg
Наименование^Ручка Ledeme  LH79,Категория^komplektuyushhie-dlya-smesitelej,Артикул^LH79,Размеры (см.)^–x–x– см.,Материал^Латунь,Цвет^Хром,Гарантийный срок^1 год,images_path^./images/komplektuyushhie-dlya-smesitelej//LH79/ruchka-dlya-smesitelya-ledeme-lh79001.jpg
Наименование^Картридж Ledeme  M51-4,Категория^komplektuyushhie-dlya-smesitelej,Артикул^M51-4,Размеры (см.)^35 мм,Материал^Керамика,Цвет^Белый/Синий,Гарантийный срок^1 год,images_path^./images/komplektuyushhie-dlya-smesitelej//M51-4/kartridzh-ledeme-m51-41.jpg
Наименование^Картридж Ledeme  M50-4,Категория^komplektuyushhie-dlya-smesitelej,Артикул^M50-4,Размеры (см.)^40 мм,Материал^Керамика,Цвет^Белый/Синий,Гарантийный срок^1 год,images_path^./images/komplektuyushhie-dlya-smesitelej//M50-4/kartridzh-ledeme-m50-41.jpg
Наименование^Изогнутый излив Ledeme  L25S,Категория^komplektuyushhie-dlya-smesitelej,Артикул^L25S,Размеры (см.)^25 см,Материал^Металл,Цвет^Хром,Гарантийный срок^1 год,images_path^./images/komplektuyushhie-dlya-smesitelej//L25S/izliv-ledeme-l25s1.jpg
Наименование^Прямой плоский излив Ledeme  L25F,Категория^komplektuyushhie-dlya-smesitelej,Артикул^L25F,Размеры (см.)^25 см,Материал^Металл,Цвет^Хром,Гарантийный срок^1 год,images_path^./images/komplektuyushhie-dlya-smesitelej//L25F/izliv-ledeme-l25f1.jpg
Наименование^Гибкая подводка Ledeme  L90-15,Категория^komplektuyushhie-dlya-smesitelej,Артикул^L90-15,Размеры (см.)^F1/2-M10-1 150 см,Материал^Сталь/Каучук,Гарантийный срок^1 год,images_path^./images/komplektuyushhie-dlya-smesitelej//L90-15/gibkaya-podvodka-ledeme-l90-151.jpg
Наименование^Изогнутый излив Ledeme  L20S,Категория^komplektuyushhie-dlya-smesitelej,Артикул^L20S,Размеры (см.)^20 см,Материал^Металл,Цвет^Хром,Гарантийный срок^1 год,images_path^./images/komplektuyushhie-dlya-smesitelej//L20S/izliv-ledeme-l20s1.jpg
Наименование^Прямой плоский излив Ledeme  L20F,Категория^komplektuyushhie-dlya-smesitelej,Артикул^L20F,Размеры (см.)^20 см,Материал^Металл,Цвет^Хром,Гарантийный срок^1 год,images_path^./images/komplektuyushhie-dlya-smesitelej//L20F/izliv-ledeme-l20f1.jpg
Наименование^Прямой плоский излив Ledeme  L30F,Категория^komplektuyushhie-dlya-smesitelej,Артикул^L30F,Размеры (см.)^30 см,Материал^Металл,Цвет^Хром,Гарантийный срок^1 год,images_path^./images/komplektuyushhie-dlya-smesitelej//L30F/izliv-ledeme-l30f1.jpg
Наименование^Изогнутый излив Ledeme  L30S,Категория^komplektuyushhie-dlya-smesitelej,Артикул^L30S,Размеры (см.)^30 см,Материал^Металл,Цвет^Хром,Гарантийный срок^1 год,images_path^./images/komplektuyushhie-dlya-smesitelej//L30S/izliv-ledeme-l30s1.jpg
Наименование^Изогнутый излив Ledeme  L35S,Категория^komplektuyushhie-dlya-smesitelej,Артикул^L35S,Размеры (см.)^35 см,Материал^Металл,Цвет^Хром,Гарантийный срок^1 год,images_path^./images/komplektuyushhie-dlya-smesitelej//L35S/izliv-ledeme-l35s1.jpg
Наименование^Прямой плоский излив Ledeme  L35F,Категория^komplektuyushhie-dlya-smesitelej,Артикул^L35F,Размеры (см.)^35 см,Материал^Металл,Цвет^Хром,Гарантийный срок^1 год,images_path^./images/komplektuyushhie-dlya-smesitelej//L35F/izliv-ledeme-l35f1.jpg
Наименование^Излив утка Ledeme  L7502,Категория^komplektuyushhie-dlya-smesitelej,Артикул^L7502,Размеры (см.)^42 см,Материал^Металл,Цвет^Хром,Гарантийный срок^1 год,images_path^./images/komplektuyushhie-dlya-smesitelej//L7502/izliv-utka-ledeme-l75021.jpg
Наименование^Ручки с кран-букса Ledeme  LH08-2,Категория^komplektuyushhie-dlya-smesitelej,Артикул^LH08-2,Размеры (см.)^–x–x– см.,Гарантийный срок^1 год,images_path^./images/komplektuyushhie-dlya-smesitelej//LH08-2/ruchki-s-kran-buksa-ledeme-lh08-21.jpg
Наименование^Прямой плоский излив Ledeme  L40F,Категория^komplektuyushhie-dlya-smesitelej,Артикул^L40F,Размеры (см.)^40 см,Материал^Металл,Цвет^Хром,Гарантийный срок^1 год,images_path^./images/komplektuyushhie-dlya-smesitelej//L40F/izliv-ledeme-l40f1.jpg
Наименование^Изогнутый излив Ledeme  L40S,Категория^komplektuyushhie-dlya-smesitelej,Артикул^L40S,Размеры (см.)^40 см,Материал^Металл,Цвет^Хром,Гарантийный срок^1 год,images_path^./images/komplektuyushhie-dlya-smesitelej//L40S/izliv-ledeme-l40s1.jpg
Наименование^Дивертор Ledeme  LAAA-1,Категория^komplektuyushhie-dlya-smesitelej,Артикул^LAAA-1,Размеры (см.)^–x–x– см.,Материал^Металл,Цвет^Хром,Гарантийный срок^1 год,images_path^./images/komplektuyushhie-dlya-smesitelej//LAAA-1/divertor-ledeme-laaa-11.jpg
Наименование^Плоский прямой излив Ledeme  L70040F,Категория^komplektuyushhie-dlya-smesitelej,Артикул^L70040F,Размеры (см.)^–x–x– см.,Материал^Нержавеющая сталь,Цвет^Хром,Гарантийный срок^1 год,images_path^./images/komplektuyushhie-dlya-smesitelej//L70040F/ploskij-pryamoj-izliv-ledeme-l70040f(1).jpg
Наименование^Излив Ledeme  L45S,Категория^komplektuyushhie-dlya-smesitelej,Артикул^L45S,Размеры (см.)^45 см,Материал^Латунь,Цвет^Хром,Гарантийный срок^1 год,images_path^./images/komplektuyushhie-dlya-smesitelej//L45S/izliv-ledeme-l45s001.jpg
Наименование^Излив Ledeme  L45F,Категория^komplektuyushhie-dlya-smesitelej,Артикул^L45F,Размеры (см.)^45 см,Материал^Латунь,Цвет^Хром,Гарантийный срок^1 год,images_path^./images/komplektuyushhie-dlya-smesitelej//L45F/izliv-ledeme-l45f001.jpg
Наименование^Дивертор Ledeme  LAAA,Категория^komplektuyushhie-dlya-smesitelej,Артикул^LAAA,Размеры (см.)^–x–x– см.,Материал^Металл,Цвет^Хром,Гарантийный срок^1 год,images_path^./images/komplektuyushhie-dlya-smesitelej//LAAA/divertor-ledeme-laaa1.jpg
Наименование^Излив Ledeme  L50S,Категория^komplektuyushhie-dlya-smesitelej,Артикул^L50S,Размеры (см.)^50 см,Материал^Латунь,Цвет^Хром,Гарантийный срок^1 год,images_path^./images/komplektuyushhie-dlya-smesitelej//L50S/izliv-ledeme-l50s001.jpg
Наименование^Излив Ledeme  L50F,Категория^komplektuyushhie-dlya-smesitelej,Артикул^L50F,Размеры (см.)^50 см,Материал^Латунь,Цвет^Хром,Гарантийный срок^1 год,images_path^./images/komplektuyushhie-dlya-smesitelej//L50F/izliv-ledeme-l50f001.jpg
Наименование^Ручка с кран-букса Ledeme  LH08,Категория^komplektuyushhie-dlya-smesitelej,Артикул^LH08,Размеры (см.)^–x–x– см.,Гарантийный срок^1 год,images_path^./images/komplektuyushhie-dlya-smesitelej//LH08/ruchka-ledeme-lh081.jpg
Наименование^Излив силиконовый 3/4 Ledeme  L7506-2,Категория^komplektuyushhie-dlya-smesitelej,Артикул^L7506-2,Размеры (см.)^–x–x– см.,Материал^Силикон/ Латунь,Цвет^Черный,Гарантийный срок^1 год,images_path^./images/komplektuyushhie-dlya-smesitelej//L7506-2/izliv-ledeme-l7506-2001.jpg
Наименование^Излив силиконовый 3/4 Ledeme  L7506-3,Категория^komplektuyushhie-dlya-smesitelej,Артикул^L7506-3,Размеры (см.)^–x–x– см.,Материал^Силикон/ Латунь,Цвет^Белый,Гарантийный срок^1 год,images_path^./images/komplektuyushhie-dlya-smesitelej//L7506-3/izliv-ledeme-l7506-3001.jpg
Наименование^Излив силиконовый 3/4 Ledeme  L7506-9,Категория^komplektuyushhie-dlya-smesitelej,Артикул^L7506-9,Размеры (см.)^–x–x– см.,Материал^Силикон/ Латунь,Цвет^Серый,Гарантийный срок^1 год,images_path^./images/komplektuyushhie-dlya-smesitelej//L7506-9/izliv-ledeme-l7506-9001.jpg
Наименование^Излив силиконовый 3/4 Ledeme  L7506-1,Категория^komplektuyushhie-dlya-smesitelej,Артикул^L7506-1,Размеры (см.)^–x–x– см.,Материал^Силикон/ Латунь,Цвет^Красный,Гарантийный срок^1 год,images_path^./images/komplektuyushhie-dlya-smesitelej//L7506-1/izliv-silikonovyj-34-ledeme-l7506-1(1).jpg
Наименование^Излив силиконовый 3/4 Ledeme  L7506-2,Категория^komplektuyushhie-dlya-smesitelej,Артикул^L7506-2,Размеры (см.)^–x–x– см.,Материал^Силикон/ Латунь,Цвет^Черный,Гарантийный срок^1 год,images_path^./images/komplektuyushhie-dlya-smesitelej//L7506-2/izliv-silikonovyj-34-ledeme-l7506-2(1).jpg
Наименование^Излив силиконовый 3/4 Ledeme  L7506-3,Категория^komplektuyushhie-dlya-smesitelej,Артикул^L7506-3,Размеры (см.)^–x–x– см.,Материал^Силикон/ Латунь,Цвет^Белый,Гарантийный срок^1 год,images_path^./images/komplektuyushhie-dlya-smesitelej//L7506-3/izliv-silikonovyj-34-ledeme-l7506-3(1).jpg
Наименование^Излив силиконовый 3/4 Ledeme  L7506-9,Категория^komplektuyushhie-dlya-smesitelej,Артикул^L7506-9,Размеры (см.)^–x–x– см.,Материал^Силикон/ Латунь,Цвет^Серый,Гарантийный срок^1 год,images_path^./images/komplektuyushhie-dlya-smesitelej//L7506-9/izliv-silikonovyj-34-ledeme-l7506-9(1).jpg
Наименование^Гибкий излив Ledeme  L7501,Категория^komplektuyushhie-dlya-smesitelej,Артикул^L7501,Размеры (см.)^50 см,Материал^Металл,Цвет^Хром,Гарантийный срок^1 год,images_path^./images/komplektuyushhie-dlya-smesitelej//L7501/gibkij-izliv-ledeme-l75011.jpg
Наименование^Круглый излив Ledeme  L7128S-1,Категория^komplektuyushhie-dlya-smesitelej,Артикул^L7128S-1,Размеры (см.)^30 см,Материал^Металл,Цвет^Хром,Гарантийный срок^1 год,images_path^./images/komplektuyushhie-dlya-smesitelej//L7128S-1/kruglyj-izliv-ledeme-l7128s-11.jpg
Наименование^Дивертор Ledeme  LAAA-2,Категория^komplektuyushhie-dlya-smesitelej,Артикул^LAAA-2,Размеры (см.)^–x–x– см.,Материал^Металл,Цвет^Хром,Гарантийный срок^1 год,images_path^./images/komplektuyushhie-dlya-smesitelej//LAAA-2/divertor-ledeme-laaa-21.jpg
Наименование^Подключение для шланга и смесителя Ledeme  LH501,Категория^komplektuyushhie-dlya-smesitelej,Артикул^LH501,Размеры (см.)^–x–x– см.,Гарантийный срок^1 год,images_path^./images/komplektuyushhie-dlya-smesitelej//LH501/podklyuchenie-dlya-shlanga-i-smesitelya-ledeme-lh5011.jpg
Наименование^Излив Ledeme  L7503-8,Категория^komplektuyushhie-dlya-smesitelej,Артикул^L7503-8,Размеры (см.)^–x–x– см.,Материал^Силикон,Цвет^Фиолетовый,Гарантийный срок^1 год,images_path^./images/komplektuyushhie-dlya-smesitelej//L7503-8/izliv-ledeme-l7503-8001.jpg
Наименование^Излив Ledeme  L7503-7,Категория^komplektuyushhie-dlya-smesitelej,Артикул^L7503-7,Размеры (см.)^–x–x– см.,Материал^Силикон,Цвет^Оранжевый,Гарантийный срок^1 год,images_path^./images/komplektuyushhie-dlya-smesitelej//L7503-7/izliv-ledeme-l7503-7001.jpg
Наименование^Излив Ledeme  L7503-6,Категория^komplektuyushhie-dlya-smesitelej,Артикул^L7503-6,Размеры (см.)^–x–x– см.,Материал^Силикон,Цвет^Голубой,Гарантийный срок^1 год,images_path^./images/komplektuyushhie-dlya-smesitelej//L7503-6/izliv-ledeme-l7503-6001.jpg
Наименование^Излив Ledeme  L7503-5,Категория^komplektuyushhie-dlya-smesitelej,Артикул^L7503-5,Размеры (см.)^–x–x– см.,Материал^Силикон,Цвет^Зеленый,Гарантийный срок^1 год,images_path^./images/komplektuyushhie-dlya-smesitelej//L7503-5/izliv-ledeme-l7503-5001.jpg
Наименование^Излив Ledeme  L7503-4,Категория^komplektuyushhie-dlya-smesitelej,Артикул^L7503-4,Размеры (см.)^–x–x– см.,Материал^Силикон,Цвет^Жёлтый,Гарантийный срок^1 год,images_path^./images/komplektuyushhie-dlya-smesitelej//L7503-4/izliv-ledeme-l7503-4001.jpg
Наименование^Излив Ledeme  L7503-3,Категория^komplektuyushhie-dlya-smesitelej,Артикул^L7503-3,Размеры (см.)^–x–x– см.,Материал^Силикон,Цвет^Белый,Гарантийный срок^1 год,images_path^./images/komplektuyushhie-dlya-smesitelej//L7503-3/izliv-ledeme-l7503-3001.jpg
Наименование^Излив Ledeme  L7503-2,Категория^komplektuyushhie-dlya-smesitelej,Артикул^L7503-2,Размеры (см.)^–x–x– см.,Материал^Силикон,Цвет^Черный,Гарантийный срок^1 год,images_path^./images/komplektuyushhie-dlya-smesitelej//L7503-2/izliv-ledeme-l7503-2001.jpg
Наименование^Излив Ledeme  L7503-1,Категория^komplektuyushhie-dlya-smesitelej,Артикул^L7503-1,Размеры (см.)^–x–x– см.,Материал^Силикон,Цвет^Красный,Гарантийный срок^1 год,images_path^./images/komplektuyushhie-dlya-smesitelej//L7503-1/izliv-ledeme-l7503-1001.jpg
Наименование^Отвод смесителя на ванну Ledeme  L77,Категория^komplektuyushhie-dlya-smesitelej,Артикул^L77,Размеры (см.)^–x–x– см.,Материал^Металл,Цвет^Хром,Гарантийный срок^1 год,images_path^./images/komplektuyushhie-dlya-smesitelej//L77/otvod-smesitelya-na-vannu-ledeme-l771.jpg
Наименование^Дивертор для смесителя Ledeme  M80,Категория^komplektuyushhie-dlya-smesitelej,Артикул^M80,Размеры (см.)^–x–x– см.,Материал^Латунь,Цвет^Хром,Гарантийный срок^1 год,images_path^./images/komplektuyushhie-dlya-smesitelej//M80/divertor-ledeme-m800011.jpg
Наименование^Пробойник Ledeme  LS01,Категория^komplektuyushhie-dlya-smesitelej,Артикул^LS01,Размеры (см.)^–x–x– см.,Материал^Металл/Пластик,Цвет^Черный/Желтый,Гарантийный срок^1 год,images_path^./images/komplektuyushhie-dlya-smesitelej//LS01/probojnik-ledeme-ls011.jpg
Наименование^Сифон для мойки маленькой Ledeme  LS03-1,Категория^komplektuyushhie-dlya-rakovin,Артикул^LS03-1,Размеры (см.)^–x–x– см.,Материал^Пластик,Цвет^Черный,Гарантийный срок^1 год,images_path^./images/komplektuyushhie-dlya-rakovin//LS03-1/sifon-dlya-mojki-ledeme-ls03-11.jpg
Наименование^Донный клапан с переливом Ledeme  L66-2,Категория^komplektuyushhie-dlya-rakovin,Артикул^L66-2,Размеры (см.)^–x–x– см.,Материал^Металл,Цвет^Хром,Гарантийный срок^1 год,images_path^./images/komplektuyushhie-dlya-rakovin//L66-2/donnyj-klapan-ledeme-l66-21.jpg
Наименование^Донный клапан Ledeme  L66,Категория^komplektuyushhie-dlya-rakovin,Артикул^L66,Размеры (см.)^–x–x– см.,Материал^Металл,Цвет^Хром,Гарантийный срок^1 год,images_path^./images/komplektuyushhie-dlya-rakovin//L66/donnyj-klapan-ledeme-l661.jpg
Наименование^Донный клапан с переливом Ledeme  L65-2,Категория^komplektuyushhie-dlya-rakovin,Артикул^L65-2,Размеры (см.)^–x–x– см.,Материал^Металл,Цвет^Хром,Гарантийный срок^1 год,images_path^./images/komplektuyushhie-dlya-rakovin//L65-2/donnyj-klapan-ledeme-l65-21.jpg
Наименование^Донный клапан Ledeme  L65,Категория^komplektuyushhie-dlya-rakovin,Артикул^L65,Размеры (см.)^–x–x– см.,Материал^Металл,Цвет^Хром,Гарантийный срок^1 год,images_path^./images/komplektuyushhie-dlya-rakovin//L65/donnyj-klapan-ledeme-l651.jpg
Наименование^Донный клапан для раковины Ledeme  L67,Категория^komplektuyushhie-dlya-rakovin,Артикул^L67,Размеры (см.)^–x–x– см.,Материал^латунь,Цвет^Хром,Гарантийный срок^1 год,images_path^./images/komplektuyushhie-dlya-rakovin//L67/donnyj-klapan-ledeme-l670011.jpg
Наименование^Донный клапан Ledeme  L67W,Категория^komplektuyushhie-dlya-rakovin,Артикул^L67W,Размеры (см.)^–x–x– см.,Материал^Латунь,Цвет^Хром/Белый,Гарантийный срок^1 год,images_path^./images/komplektuyushhie-dlya-rakovin//L67W/donnyj-klapan-ledeme-l67w001.jpg
Наименование^Сифон для мойки с 2-мя чашками Ledeme  LS02-2,Категория^komplektuyushhie-dlya-rakovin,Артикул^LS02-2,Размеры (см.)^–x–x– см.,Материал^Пластик,Цвет^Белый,Гарантийный срок^1 год,images_path^./images/komplektuyushhie-dlya-rakovin//LS02-2/sifon-dlya-mojki-ledeme-ls02-21.jpg
Наименование^Сифон-колено Ledeme  L80,Категория^komplektuyushhie-dlya-rakovin,Артикул^L80,Размеры (см.)^–x–x– см.,Материал^Металл,Цвет^Хром,Гарантийный срок^1 год,images_path^./images/komplektuyushhie-dlya-rakovin//L80/sifon-koleno-ledeme-l801.jpg
